,Korean Name,English Name,Explanation,Category,Factors,kcal,sat_FAT,protein,fat,trans_FAT,sodium,sugars,caffeine,cholesterol,chabo
0,씨솔트 카라멜 콜드 브루,Sea Salt Caramel Cold Brew,"구름 처럼 부드러운 씨솔트 폼과 번트 카라멜의 
중독성 강한 단짠단짠 조합의 콜드 브루 
한번 맛보면 자꾸 생각나는 매력적인 음료",product_cold_brew,알레르기 유발요인 : 우유,170,6,1,8,0,160,18,130,10,22
1,나이트로 바닐라 크림,Nitro Vanilla Cream,부드러운 목넘김의 나이트로 커피와 바닐라 크림의 매력을 한번에 느껴보세요!,product_cold_brew,알레르기 유발요인 : 우유,80,2,1,2.7,0,40,10,232,5,10
2,나이트로 콜드 브루,Nitro Cold Brew,"나이트로 커피 정통의 캐스케이딩과 부드러운 콜드 크레마!
부드러운 목 넘김과 완벽한 밸런스에 커피 본연의 단맛을 경험할 수 있습니다.
",product_cold_brew,,5,0,0,0,0,5,0,245,0,0
3,돌체 콜드 브루,Dolce Cold Brew,"무더운 여름철, 
동남아 휴가지에서 즐기는 커피를 떠오르게 하는 
스타벅스 음료의 베스트 x 베스트 조합인
돌체 콜드 브루를 만나보세요! ",product_cold_brew,알레르기 유발요인 : 우유,265,9,8,12,0,130,29,155,25,29
4,리저브 나이트로,Reserve Nitro,"나이트로 커피 정통의 캐스케이딩과 부드러운 콜드 크레마!
부드러운 목 넘김과 완벽한 밸런스에 커피 본연의 단맛을 경험할 수 있습니다.
",product_cold_brew,,5,0,0,0,0,0,0,190,0,0
5,리저브 콜드 브루,Reserve Cold Brew,리저브 커피 마스터의 정성으로 차갑게 추출한 깊고 부드러운 풍미의 커피,product_cold_brew,,5,0,0,0,0,0,0,190,0,0
6,민트 콜드 브루,Mint Cold Brew,"상쾌한 민트향 시럽과 잘게 갈린 얼음이 
어우러져 시원함이 강렬하게 느껴지는 리저브만의
콜드 브루 음료",product_cold_brew,,100,0,0,0,0,0,23,415,0,24
7,바닐라 크림 콜드 브루,Vanilla Cream Cold Brew,콜드 브루에 더해진 바닐라 크림으로 깔끔하면서 달콤한 콜드 브루를 새롭게 즐길 수 있는 음료입니다.,product_cold_brew,알레르기 유발요인 : 우유,125,6,3,8,0,58,11,155,10,11
8,시그니처 더 블랙 콜드 브루,Signature The Black Cold Brew,"콜드 브루 전용 원두를 차가운 물로 매장에서 직접 
추출하여 부드럽고 진한 풍미의 콜드브루를 
언제 어디서나 편하게 즐겨보세요 (전용 보틀 /500ml)",product_cold_brew,,25,0,0,0,0,50,0,680,0,0
9,여수 윤슬 헤이즐넛 콜드브루,Yeosu Shining Hazelnut Cold Brew,"햇빛이나 달빛에 비치어 반짝이는 잔물결이라는
""윤슬""을 형상화한 헤이즐넛 콜드브루",product_cold_brew,알레르기 유발요인 : 우유,245,9,5,12,0,85,27,53,15,28
10,오트 콜드 브루,Oat Cold Brew,"콜드 브루의 풍미와 깔끔한 오트음료(식물성 대체유)가 어우러진 달콤 고소한 라떼. 
식물성 대체유를 사용해 모든 고객이 부담없이 즐길 수 있는 콜드 브루 음료",product_cold_brew,,120,0.3,1,3.6,0,95,14,65,0,20
11,제주 비자림 콜드 브루,Jeju Forest Cold Brew,제주 천년의 숲 비자림을 연상시키는 음료로 제주 유기농 말차와 콜드 브루가 조화로운 제주 특화 콜드 브루 음료,product_cold_brew,알레르기 유발요인 : 우유,360,8,11,14,0.2,140,39,305,25,44
12,콜드 브루,Cold Brew,"스타벅스 바리스타의 정성으로 탄생한 콜드 브루!

콜드 브루 전용 원두를 차가운 물로 추출하여 한정된 양만 제공됩니다.
깊은 풍미의 새로운 커피 경험을 즐겨보세요.",product_cold_brew,,5,0,0,0,0,11,0,155,0,0
13,콜드 브루,Cold Brew,"스타벅스 바리스타의 정성으로 탄생한 콜드 브루! 
콜드 브루 전용 원두를 차가운 물로 추출하여 한정된 양만 제공됩니다. 
실크같이 부드럽고 그윽한 초콜릿 풍미의 콜드 브루를 만나보세요!",product_cold_brew,,5,0,0,0,0,25,0,360,0,0
14,콜드 브루 몰트,Cold Brew Malt,"[리저브 전용음료] 리저브 콜드 브루, 바닐라 아이스크림, 몰트가 블렌딩된 리저브만의 쉐이크
",product_cold_brew,알레르기 유발요인 : 대두 / 우유,505,20,7,30,0,150,41,190,40,51
15,콜드 브루 플로트,Cold Brew Float,[리저브 전용음료] 리저브 콜드 브루 위에 녹아 내리는 한 스쿱의 바닐라 아이스크림,product_cold_brew,알레르기 유발요인 : 우유,225,10,3,15,0,70,18,190,20,21
16,아이스 커피,Iced Coffee,"케냐, 하우스 블렌드 등 약간의 산미가 있는 커피를 드립 방식으로 추출한 후 얼음과 함께 제공하는 커피 입니다.  
아이스 커피로 적합한 프리미엄 원두를 이용하여 깔끔하고 상큼한 맛을 느끼실 수 있습니다. ",product_brewed,,5,0,0,0,0,10,0,140,0,0
17,오늘의 커피,Brewed Coffee,"시즌에 어울리는 원두 종류를 선정하여 신선하게 브루드(Brewed)되어 제공되는 드립커피로, 원두 커피의 풍부한 맛과 향을 따뜻하게 즐기실 수 있습니다. ",product_brewed,,5,0,0,0,0,15,0,260,0,0
18,아이스 플랫 화이트,Iced Flat White,"부드러운 리스트레토 샷과 완벽한 양의 우유를 더해, 카페 라떼보다 커피의 맛을 진하게 즐길 수 있는 에스프레소 음료입니다.",product_espresso,알레르기 유발요인 : 우유,120,3.5,6,6,0,90,9,130,20,11
19,플랫 화이트,Flat White,"부드러운 리스트레토 샷과 완벽한 양의 스팀밀크를 더해, 카페 라떼보다 커피의 맛을 진하게 즐길 수 있는 에스프레소 음료입니다.",product_espresso,알레르기 유발요인 : 우유,170,5,8,8,0,130,13,130,25,15
20,에스프레소 콘 파나,Espresso Con Panna,"신선한 에스프레소 샷에 풍부한 휘핑크림을 얹은 커피 음료로서, 뜨거운 커피의 맛과 차갑고 달콤한 생크림의 맛을 같이 즐길 수 있는 커피 음료",product_espresso,알레르기 유발요인 : 우유,30,1.5,0,2.5,0,0,1,75,10,2
21,에스프레소 마키아또,Espresso Macchiato,"신선한 에스프레소 샷에 우유 거품을 살짝 얹은 커피 음료로써, 강렬한 에스프레소의 맛과 우유의 부드러움을 같이 즐길 수 있는 커피 음료",product_espresso,알레르기 유발요인 : 우유,10,0,1,0,0,0,0,75,0,1
22,아이스 카페 아메리카노,Iced Caffe Americano,"진한 에스프레소에 시원한 정수물과 얼음을 더하여 스타벅스의 깔끔하고 강렬한 에스프레소를 가장 부드럽고 시원하게 즐길 수 있는 커피
",product_espresso,,10,0,1,0,0,5,0,150,0,2
23,카페 아메리카노,Caffe Americano,"진한 에스프레소와 뜨거운 물을 섞어 스타벅스의 깔끔하고 강렬한 에스프레소를 가장 부드럽게 잘 느낄 수 있는 커피
",product_espresso,,10,0,1,0,0,5,0,150,0,2
24,아이스 카라멜 마키아또,Iced Caramel Macchiato,향긋한 바닐라 시럽과 시원한 우유와 얼음을 넣고 점을 찍듯이 에스프레소를 부은 후 벌집 모양으로 카라멜 드리즐을 올린 달콤한 커피 음료,product_espresso,알레르기 유발요인 : 대두 / 우유,190,4.6,6,8,0,110,22,75,20,23
25,카라멜 마키아또,Caramel Macchiato,향긋한 바닐라 시럽과 따뜻한 스팀 밀크 위에 풍성한 우유 거품을 얹고 점을 찍듯이 에스프레소를 부은 후 벌집 모양으로 카라멜 드리즐을 올린 달콤한 커피 음료,product_espresso,알레르기 유발요인 : 대두 / 우유,200,5,8,9,0,130,22,75,25,24
26,아이스 카푸치노,Iced Cappuccino,풍부하고 진한 에스프레소에 신선한 우유와 우유 거품이 얼음과 함께 들어간 시원하고 부드러운 커피 음료,product_espresso,알레르기 유발요인 : 우유,110,3.5,6,6,0,90,9,75,20,10
27,카푸치노,Cappuccino,풍부하고 진한 에스프레소에 따뜻한 우유와 벨벳 같은 우유 거품이 1:1 비율로 어우러져 마무리된 커피 음료,product_espresso,알레르기 유발요인 : 우유,110,3,6,6,0,70,8,75,15,9
28,라벤더 카페 브레베,Lavender Cafe Breve,진한 리저브 에스프레소 샷과 은은한 라벤더향이 고급스럽게 어우러진 부드럽고 세련된 풍미의 라벤더 카페 브레베,product_espresso,알레르기 유발요인 : 우유,400,22,8,27,0,140,30,105,25,31
29,바닐라 빈 라떼,Vanilla Bean Latte,리저브만을 위한 바닐라 빈 시럽이 부드럽게 어우러진 카페 라떼,product_espresso,알레르기 유발요인 : 우유,245,6,9,9,0,150,27,210,30,29
30,사케라또 비안코 오버 아이스,Shakerato Bianco Over Ice,얼음과 같이 쉐이킹하여 차가워진 진한 리저브 에스프레소와 하우스 메이드 크림이 어우러진 달콤한 음료,product_espresso,알레르기 유발요인 : 우유,270,18,3,21,0,45,14,315,10,17
31,스타벅스 1호점 바닐라 빈 라떼,Starbucks 1st Store Vanilla Bean Latte,"한국 스타벅스 1호점인 이대R점을 상징하는 리저브 바닐라 빈 라떼.
시애틀 1호점을 기념하는 '파이크 플레이스 로스트'VIA와 번트 카라멜 파우더로
만든 리저브 로고는 부드러운 우유 폼에 달콤쌉쌀한 풍미를 선사.",product_espresso,알레르기 유발요인 : 우유,234,6,9,9,0,150,27,210,30,30
32,스타벅스 1호점 카페 라떼,Starbucks 1st Store Cafe Latte,"한국 스타벅스 1호점인 이대R점을 상징하는 리저브 카페 라떼.
시애틀 1호점을 기념하는 '파이크 플레이스 로스트'VIA와 번트 카라멜 파우더로
만든 리저브 로고는 부드러운 우유 폼에 달콤쌉쌀한 풍미를 선사.",product_espresso,알레르기 유발요인 : 우유,191,6,10,10,0,150,15,210,30,17
33,스타벅스 돌체 라떼,Starbucks Dolce Latte,스타벅스의 다른 커피 음료보다 더욱 깊은 커피의 맛과 향에 깔끔한 무지방 우유와 부드러운 돌체 시럽이 들어간 음료로 달콤하고 진한 커피 라떼,product_espresso,알레르기 유발요인 : 우유,255,2.6,12,4.2,0.3,190,39,150,15,42
34,아이스 라벤더 카페 브레베,Iced Lavender Cafe Breve,진한 리저브 에스프레소 샷과 은은한 라벤더향이 고급스럽게 어우러진 부드럽고 세련된 풍미의 라벤더 카페 브레베,product_espresso,알레르기 유발요인 : 우유,335,18,6,22,0,110,27,105,20,28
35,아이스 바닐라 빈 라떼,Iced Vanilla Bean Latte,리저브만을 위한 바닐라 빈 시럽이 부드럽게 어우러진 카페 라떼,product_espresso,알레르기 유발요인 : 우유,155,2.9,5,4.8,0,75,20,210,15,22
36,아이스 스타벅스 1호점 바닐라 빈 라떼,Iced Starbucks 1st Store Vanilla Bean Latte,"한국 스타벅스 1호점인 이대R점을 상징하는 리저브 바닐라 빈 라떼.
시애틀 1호점을 기념하는 '파이크 플레이스 로스트'VIA와 번트 카라멜 파우더로
만든 리저브 로고는 부드러운 밀크 콜드폼에 달콤쌉쌀한 풍미를 선사.",product_espresso,알레르기 유발요인 : 우유,159,2.9,6,4.8,0,90,21,210,15,24
37,아이스 스타벅스 1호점 카페 라떼,Iced Starbucks 1st Store Cafe Latte,"한국 스타벅스 1호점인 이대R점을 상징하는 리저브 카페 라떼.
시애틀 1호점을 기념하는 '파이크 플레이스 로스트'VIA와 번트 카라멜 파우더로
만든 리저브 로고는 부드러운 밀크 콜드폼에 달콤쌉쌀한 풍미를 선사.",product_espresso,알레르기 유발요인 : 우유,117,3.2,6,5,0,100,9,210,15,12
38,아이스 스타벅스 돌체 라떼,Iced Starbucks Dolce Latte,스타벅스의 다른 커피 음료보다 더욱 깊은 커피의 맛과 향에 깔끔한 무지방 우유와 부드러운 돌체 시럽이 들어간 음료로 달콤하고 진한 커피 라떼,product_espresso,알레르기 유발요인 : 우유,230,2.5,10,4,0.3,145,35,150,15,38
39,아이스 카페 라떼,Iced Caffe Latte,풍부하고 진한 농도의 에스프레소가 시원한 우유와 얼음을 만나 고소함과 시원함을 즐길 수 있는 대표적인 커피 라떼,product_espresso,알레르기 유발요인 : 우유,110,3.5,6,6,0,75,8,75,20,9
40,카페 라떼,Caffe Latte,풍부하고 진한 에스프레소가 신선한 스팀 밀크를 만나 부드러워진 커피 위에 우유 거품을 살짝 얹은 대표적인 커피 라떼,product_espresso,알레르기 유발요인 : 우유,180,5,10,9,0,115,13,75,30,14
41,아이스 카페 모카,Iced Caffe Mocha,진한 초콜릿 모카 시럽과 풍부한 에스프레소를 신선한 우유 그리고 얼음과 섞어 휘핑크림으로 마무리한 음료로 진한 에스프레소와 초콜릿 맛이 어우러진 커피,product_espresso,알레르기 유발요인 : 우유,250,8,7,14,0,70,21,95,45,28
42,아이스 화이트 초콜릿 모카,Iced White Chocolate Mocha,달콤하고 부드러운 화이트 초콜릿 시럽과 에스프레소를 신선한 우유 그리고 얼음과 섞어 휘핑크림으로 마무리한 음료로 달콤함과 강렬한 에스프레소가 부드럽게 어우러진 커피,product_espresso,알레르기 유발요인 : 우유,335,8,8,15,0,160,41,75,15,42
43,카페 모카,Caffe Mocha,진한 초콜릿 모카 시럽과 풍부한 에스프레소를 스팀 밀크와 섞어 휘핑크림으로 마무리한 음료로 진한 에스프레소와 초콜릿 맛이 어우러진 커피,product_espresso,알레르기 유발요인 : 우유,290,9,10,15,0,105,25,95,45,33
44,클래식 민트 모카,Classic Mint Mocha,"스타벅스의 클래식인 페퍼민트 모카를 떠올리게 하는 리저브만의 에스프레소 음료.
오트음료(식물성 대체유)의 고소함과 다크 초콜릿의 쌉쌀함이 특징인 음료.",product_espresso,,335,0.7,4,8,0,200,43,210,0,62
45,화이트 초콜릿 모카,White Chocolate Mocha,달콤하고 부드러운 화이트 초콜릿 시럽과 에스프레소를 스팀 밀크와 섞어 휘핑크림으로 마무리한 음료로 달콤함과 강렬한 에스프레소가 부드럽게 어우러진 커피,product_espresso,알레르기 유발요인 : 우유,405,11,12,19,0,230,47,75,30,49
46,바닐라 스타벅스 더블 샷,Vanilla Starbucks Double Shot,"신선하게 제조된 더블 샷 믹스에 바닐라 시럽을 넣고 에스프레소 샷, 얼음이 어우러져 핸드 쉐이킹한 음료",product_espresso,알레르기 유발요인 : 우유,125,4.5,2,6,0,30,14,150,5,16
47,블론드 바닐라 더블 샷 마키아또,Blonde Vanilla Double Shot Macchiato,블론드 에스프레소 2샷에 흑당 시럽과 바닐라 크림이 부드럽고 달콤하게 어우러진 마키아또 타입의 음료를 즐겨 보세요!,product_espresso,알레르기 유발요인 : 우유,315,12,8,16,0,130,31,170,25,34
48,사케라또 아포가토,Shakerato Affogato,"민트 잎과 쉐이킹한 리저브 에스프레소를
바닐라 아이스크림에 부어 프레쉬함과
달콤함이 조화롭게 퍼지는 리저브 만의 디저트 음료
",product_espresso,알레르기 유발요인 : 우유,290,10,4,15,0,70,30,210,20,36
49,스파클링 시트러스 에스프레소,Sparkling Citrus Espresso,"리저브 에스프레소에 상큼한 레몬과
진저에일을 더해 청량감과 시트러스 풍미를
가득 선사하는 커피 음료",product_espresso,,65,0,0,0,0,5,15,105,0,16
50,아이스 블론드 바닐라 더블 샷 마키아또,Iced Blonde Vanilla Double Shot Macchiato,블론드 에스프레소 2샷에 흑당 시럽과 바닐라 크림이 부드럽고 달콤하게 어우러진 마키아또 타입의 음료를 즐겨 보세요!,product_espresso,알레르기 유발요인 : 우유,195,6,5,8,0,65,22,170,15,25
51,에스프레소,Espresso,"스타벅스 에스프레소는 향기로운 크레마 층과 바디 층, 하트 층으로 이루어져 있으며, 입안 가득히 커피와 달콤한 카라멜 향이 느껴지는 커피 음료",product_espresso,,5,0,0,0,0,0,0,75,0,1
52,커피 스타벅스 더블 샷,Coffee Starbucks Double Shot,"신선하게 제조된 더블 샷 믹스에 클래식 시럽을 넣고 에스프레소 샷, 얼음이 어우러져 핸드 쉐이킹한 음료",product_espresso,알레르기 유발요인 : 우유,125,5,3,6,0.1,28.5,14,150,5.4,15
53,클래식 아포가토,Classic Affogato,[리저브R 매장 전용음료] 리저브 에스프레소 투 샷이 바닐라 아이스크림과 진하게 어우러진 정통 아포가토,product_espresso,알레르기 유발요인 : 우유,240,10,4,15,0,70,18,210,20,23
54,헤이즐넛 스타벅스 더블 샷,Hazelnut Starbucks Double Shot,"신선하게 제조된 더블 샷 믹스에 헤이즐넛 시럽을 넣고 에스프레소 샷, 얼음이 어우러져 핸드 쉐이킹한 음료",product_espresso,알레르기 유발요인 : 우유,125,5,3,6,0.1,28.5,14,150,5.4,15
55,에스프레소 프라푸치노,Espresso Frappuccino,에스프레소 샷의 강렬함과 약간의 단맛이 어우러진 프라푸치노,product_frappuccino,알레르기 유발요인 : 우유,145,1.1,2,1.7,0,115,29,120,5,30
56,자바 칩 프라푸치노,Java Chip Frappuccino,"커피, 모카 소스, 진한 초콜릿 칩이 입안 가득 느껴지는 스타벅스에서만 맛볼 수 있는 프라푸치노",product_frappuccino,알레르기 유발요인 : 대두 / 우유 / 밀,340,9,6,14,0,180,42,100,40,52
57,카라멜 프라푸치노,Caramel Frappuccino,카라멜과 커피가 어우러진 프라푸치노,product_frappuccino,알레르기 유발요인 : 대두 / 우유,300,7,4,11,0,190,39,85,40,46
58,화이트 초콜릿 모카 프라푸치노,White Chocolate Mocha Frappuccino,"화이트 초콜릿, 커피와 우유가 조화로운 프라푸치노",product_frappuccino,알레르기 유발요인 : 우유,265,6,4,9,0,160,43,85,10,43
59,제주 까망 크림 프라푸치노,Jeju Black Sesame Cream Frappuccino,"[제주지역 한정음료] 제주 까망 라떼의 프라푸치노 버전으로
쫄깃한 흑임자 떡과 블랙 소보로 토핑으로 컵빙수처럼 먹는 음료. 
고소한 국내산 흑임자와 쫄깃한 흑임자 떡, 
달콤한 블랙 소보로 토핑으로 제주의 돌 하르방 길을 느낄 수 있는 음료",product_frappuccino,알레르기 유발요인 : 땅콩 / 대두 / 우유 / 알류 / 밀 / 오징어,600,7,9,18,0,330,79,0,15,100
60,제주 말차 크림 프라푸치노,Jeju Malcha Cream Frappuccino,"깊고 진한 말차 본연의 맛과 향을 
시원하고 부드럽게 즐길 수 있는 프라푸치노",product_frappuccino,알레르기 유발요인 : 우유,230,7,5,10,0,150,28,60,15,30
61,제주 쑥떡 크림 프라푸치노,Jeju Mugwort Cream Frappuccino,"[제주지역 한정음료] 제주 쑥쑥 라떼의 시원한 버전으로 
쫄깃쫄깃한 흑임자 떡으로 씹는 재미를 즐길 수 있는 음료. 
고소한 국내산 흑임자와 달콤하고 고소한 쑥떡 토핑이 올라간 음료.",product_frappuccino,알레르기 유발요인 : 대두 / 우유 / 밀,460,10,8,15,0,250,57,0,15,73
62,초콜릿 크림 칩 프라푸치노,Chocolate Cream Chip Frappuccino,"모카 소스와 진한 초콜릿 칩, 초콜릿 드리즐이 올라간 달콤한 크림 프라푸치노",product_frappuccino,알레르기 유발요인 : 대두 / 우유 / 밀,300,7,6,12,0,160,40,10,15,44
63,화이트 타이거 프라푸치노,White Tiger Frappuccino,"밀크 쉐이크 같은 부드럽고 달콤한 바닐라 크림 프라푸치노에 깊은 풍미의 단맛을 가진 흑당시럽이 어우러져 용인에버랜드 백호의 줄무늬를 형상화한 부드럽고 달콤한 프라푸치노

* 용인에버랜드R 매장에서만 판매하는 음료입니다",product_frappuccino,알레르기 유발요인 : 우유,410,14,5,17,0,220,57,0,15,58
64,더블 레몬 블렌디드,Double Lemon Blended,"레몬 2개 분량의 과실 및 비타민C가 들어있어
상큼하게 기분 전환시킬 수 있는 논카페인 과일 블렌디드
취향에 따라 클래식 시럽을 무료로 추가 하실 수 있습니다.",product_blended,,75,0,0,0.1,0,65,17,0,0,49
65,스타벅스 클래식 밀크 티 블렌디드,Starbucks Classic Milk Tea Blended,"인기 음료 클래식 밀크 티를 색다르게 즐겨 보세요!
티의 맛과 풍미는 더 올라가면서
여름철 즐기기 좋은 블렌디드 타입 입니다.",product_blended,알레르기 유발요인 : 우유,240,7,3,8,0,85,36,46,10,38
66,망고 패션 티 블렌디드,Mango Passion Tea Blended,"망고 패션 프루트 주스와 패션 탱고 티가 
상큼하게 어우러진 과일 블렌디드 ",product_blended,알레르기 유발요인 : 대두,150,0,2,1.1,0,105,29,0,0,35
67,북한산 레몬 얼 그레이 블렌디드,Bukhansan Lemon Earl Grey Blended,"꼬냑 향을 가미한 상큼한 레모네이드와 은은한 얼 그레이 티가 어우러진 블렌디드 음료
",product_blended,,110,0.1,0,0.2,0,10,25,8,0,28
68,스타벅스 클래식 밀크티 블렌디드,Starbucks Classic Milk Tea Blended,"블랙티의 풍미와 향이 더욱 풍요롭게 
느껴질 수 있는 밀크티 블렌디드",product_blended,알레르기 유발요인 : 우유,315,13,3,16,0,55,37,60,10,40
69,여수 바다 유자 블렌디드,Yeosu Sea Yuja Blended,"맑고 깨끗한 여수 경도의 낮 바다 풍경을 형상화한 음료로
상큼하게 즐길 수 있는 유자 블렌디드 음료 (유자:국내산)",product_blended,,235,0,0,0,0,10,57,0,0,58
70,딸기 딜라이트 요거트 블렌디드,Strawberry Delight Yogurt Blended,"유산균이 살아있는 리얼 요거트와 풍성한 딸기 과육이 
더욱 상큼하게 어우러진 과일 요거트 블렌디드",product_blended,알레르기 유발요인 : 우유,310,4.3,10,8,0,110,43,0,20,59
71,망고 바나나 블렌디드,Mango Banana Blended,"(Grande Only) 달콤한 망고 패션 프루트 주스에 
바나나 1개가 통째로 들어간 신선한 블렌디드",product_blended,알레르기 유발요인 : 대두 / 우유,290,0.9,4,2.7,0,130,45,0,5,58
72,코튼 스카이 요거트 블렌디드,Cotton Sky Yogurt Blended,"고층 매장에서 느낄 수 있는 드넓은 전경을 형상화한 음료로,
붉게 노을지는 하늘을 표현한 솜사탕 토핑과 함께 즐길 수 있는 피나콜라다 컨셉의 음료. ",product_blended,알레르기 유발요인 : 우유,270,1.8,4,3.7,0,65,41,0,10,69
73,딸기 아사이 레모네이드 스타벅스 리프레셔,Strawberry Acai with Lemonade Starbucks Refreshers™,"딸기, 아사이베리 주스와 레모네이드가 달콤 상큼하게 조화된 맛에 가볍게 에너지 부스팅을 할 수 있는 리프레셔 음료.",product_refresher,,265,0,1,0.1,0,0,62,73,0,64
74,딸기 아사이 레모네이드 스타벅스 리프레셔,Strawberry Acai with Lemonade Starbucks Refreshers™,"딸기, 아사이베리 주스와 레모네이드가 달콤 상큼하게 조화된 맛에 가볍게 에너지 부스팅을 할 수 있는 리프레셔 음료",product_refresher,,105,0,1,0.1,0,0,24,30,0,25
75,망고 용과 레모네이드 스타벅스 리프레셔,Mango Dragonfruit with Lemonade Starbucks Refreshers™,"망고 용과와 레모네이드가 달콤 상큼하게 조화된 맛에
가볍게 에너지 부스팅을 할 수 있는 음료",product_refresher,,95,0,0,0,0,35,23,25,0,24
76,라이트 핑크 자몽 피지오,Light Pink Grapefruit Fizzio,"달콤 쌉싸름한 자몽에 청량함을 가득 담은 핑크 자몽 피지오
당, 칼로리가 더욱 라이트하게 돌아온 핑크 자몽 피지오를 가볍게 즐겨 보세요
",product_fizzio,,70,0,0,0.1,0,0,17,0,0,38
77,레드 애플 피지오,Red Apple Fizzio,달콤상큼한 사과맛으로 가볍게 즐길 수 있는 애플 피지오,product_fizzio,,110,0,0,0,0,10,26,0,0,27
78,아이스크림 레드 애플 피지오,Ice Cream Red Apple Fizzio,"리저브 전용 아이스크림과 함께 달콤 상큼한 사과맛으로
부드럽게 먹을 수 있는 애플 피지오",product_fizzio,알레르기 유발요인 : 우유,240,5,2,7,0,45,36,0,10,40
79,여수 바다 자몽 피지오,Yeosu Sea Grapefruit Fizzio,"여수 돌산대교의 밤바다 풍경을 형상화한 음료로
알록달록 색상 조명의 토핑과 함께
여수의 풍경을 바라보며 즐길 수 있는 트로피컬 맛의 음료
",product_fizzio,알레르기 유발요인 : 복숭아,250,0,1,0.8,0,105,45,0,0,60
80,유자 패션 피지오,Yuja Passion Starbucks Fizzio,"상콤달콤 고흥 유자와 스타벅스 시그니처 패션 탱고 티에
한 잔 한 잔 탄산을 넣어 제조하는 피지오 음료.
시트러스한 청량감을 가득 즐기세요!",product_fizzio,,145,0,0,0,0,5,36,0,0,36
81,제주팔삭 셔벗 피지오,Jeju Hassaku Orange Frozen Fizzio,"제주송당의 소원나무에 걸린 제주 동백꽃을 형상화한 음료
제주의 자몽이라는 별명을 가진 제주 팔삭과 제주 한라봉으로
매장에서 직접 만든 셔벗과 함께 상큼하게 즐길 수 있는 피지오 음료",product_fizzio,,165,0,0,0,0,5,38,0,0,42
82,제주팔삭 피지오,Jeju Hassaku Orange Fizzio,"제주의 자몽이라는 별명을 가진 팔삭과 제주 한라봉으로
상큼하고 가볍게 즐길 수 있는 피지오 음료",product_fizzio,,150,0,0,0,0,5,34,0,0,38
83,쿨 라임 피지오,Cool Lime Starbucks Fizzio™,그린 빈 추출액이 들어간 라임 베이스에 건조된 라임 슬라이스를 넣고 스파클링한 시원하고 청량감 있는 음료입니다. (카페인이 함유된 탄산음료입니다),product_fizzio,,105,0,0,0,0,20,25,110,0,28
84,피치 딸기 피지오,Peach Strawberry Starbucks Fizzio,"상큼한 과일과 청량한 탄산의 조화.
피치 특유의 감각적인 색상과 무드를
탄산과 함께 즐길 수 있는 피지오",product_fizzio,알레르기 유발요인 : 복숭아,145,0,0,0,0,20,26,37,0,35
85,민트 블렌드 티,Mint Blend Brewed Tea ,"스피어민트, 페퍼민트, 레몬머틀이 블렌딩된 상쾌한 허브 티",product_tea,,0,0,0,0,0,0,0,0,0,0
86,아이스 민트 블렌드 티,Iced Mint Blend Brewed Tea,"스피어민트, 페퍼민트, 레몬머틀이 블렌딩된 상쾌한 허브 티",product_tea,,0,0,0,0,0,0,0,0,0,0
87,아이스 얼 그레이 티,Iced Earl Grey Brewed Tea,꽃향 가득한 라벤더와 베르가못 향이 진한 홍차와 블렌딩된 향긋한 블랙 티,product_tea,,0,0,0,0,0,0,0,50,0,0
88,아이스 유스베리 티,Iced Youthberry™Brewed Tea,"제주산 찻잎으로 만든 황차에 사과, 망고, 파인애플, 히비스커스, 로즈힙 등이
블렌딩되어 핑크빛 컬러가 감도는 수색과 베리류의 새콤함을 느낄 수 있는 옐로우 티",product_tea,,0,0,0,0,0,0,0,20,0,0
89,아이스 유자 민트 티,Iced Yuja Mint Tea,달콤한 국내산 고흥 유자와 알싸하고 은은한 진저와 상쾌한 민트 티가 조화로운 유자 민트 티,product_tea,,145,0,0,0,0,5,37,0,0,37
90,아이스 잉글리쉬 브렉퍼스트 티,Iced English Breakfast Brewed Tea,"인도 아삼, 제주도 유기농 홍차가 블렌딩되어 진한 벌꿀향과 그윽한 몰트향이 특징인 블랙 티",product_tea,,0,0,0,0,0,0,0,40,0,0
91,아이스 제주 유기농 녹차로 만든 티,Iced Jeju Green Tea,"유기농 녹차 티백만을 100%(물 제외) 사용한 티로
맑은 수색과 고유의 풍미가 뛰어난 녹차",product_tea,,0,0,0,0,0,0,0,16,0,0
92,아이스 제주팔삭 & 자몽 허니 블랙 티,Iced Jeju Hassaku Orange & Grapefruit Honey Black Tea,"제주의 자몽이라는 별명을 가진 팔삭과 마누카꿀로
자몽과 블랙티의 맛을 더욱 고급스럽게 즐길 수 있는 음료",product_tea,,140,0,0,0,0,5,38,27,0,38
93,아이스 캐모마일 블렌드 티,Iced Chamomile Blend Brewed Tea ,"캐모마일과 레몬 그라스, 레몬밤, 히비스커스 등 블렌딩되어
은은하고 차분한 향이 기분을 좋게하는 허브 티",product_tea,,0,0,0,0,0,0,0,0,0,0
94,아이스 히비스커스 블렌드 티,Iced Hibiscus Blend Brewed Tea,"히비스커스, 사과, 파파야, 망고, 레몬그라스 등이 블렌딩된 상큼한 허브 티",product_tea,,0,0,0,0,0,0,0,0,0,0
95,얼 그레이 티,Earl Grey Brewed Tea,꽃향 가득한 라벤더와 베르가못 향이 진한 홍차와 블렌딩된 향긋한 블랙 티,product_tea,,0,0,0,0,0,0,0,70,0,0
96,유스베리 티,Youthberry™Brewed Tea,"제주산 찻잎으로 만든 황차에 사과, 망고, 파인애플, 히비스커스, 로즈힙 등이
블렌딩되어 핑크빛 컬러가 감도는 수색과 베리류의 새콤함을 느낄 수 있는 옐로우 티",product_tea,,0,0,0,0,0,0,0,20,0,0
97,유자 민트 티,Yuja Mint Tea,"달콤한 국내산 고흥 유자와 알싸하고 은은한 진저, 
우릴 수록 상쾌한 민트 티가 조화로운 유자 민트 티",product_tea,,235,0,0,0,0,10,58,0,0,58
98,잉글리쉬 브렉퍼스트 티,English Breakfast Brewed Tea,"인도 아삼, 제주도 유기농 홍차가 블렌딩되어 진한 벌꿀향과 그윽한 몰트향이 특징인 블랙 티",product_tea,,0,0,0,0,0,0,0,70,0,0
99,자몽 허니 블랙 티,Grapefruit Honey Black Tea,새콤한 자몽과 달콤한 꿀이 깊고 그윽한 풍미의 스타벅스 티바나 블랙 티의 조화,product_tea,,125,0,0,0,0,5,30,70,0,31
100,제주 유기농 녹차로 만든 티,Jeju Green Tea,"유기농 녹차 티백만을 100%(물 제외) 사용한 티로
맑은 수색과 고유의 풍미가 뛰어난 녹차",product_tea,,0,0,0,0,0,0,0,16,0,0
101,제주팔삭 & 자몽 허니 블랙 티,Jeju Hassaku Orange & Grapefruit Honey Black Tea,"제주의 자몽이라는 별명을 가진 팔삭과 마누카꿀로
자몽과 블랙티의 맛을 더욱 고급스럽게 즐길 수 있는 음료",product_tea,,140,0,0,0,0,5,38,70,0,38
102,캐모마일 블렌드 티,Chamomile Blend Brewed Tea ,"캐모마일과 레몬 그라스, 레몬밤, 히비스커스 등 블렌딩되어
은은하고 차분한 향이 기분을 좋게하는 허브 티",product_tea,,0,0,0,0,0,0,0,0,0,0
103,히비스커스 블렌드 티,Hibiscus Blend Brewed Tea ,"히비스커스, 사과, 파파야, 망고, 레몬그라스 등이 블렌딩된 상큼한 허브 티",product_tea,,0,0,0,0,0,0,0,0,0,0
104,레드 파워 패션 티,Red Power Passion Tea,"딸기와 복숭아의 화사함에 패션 탱고티의 산뜻함을 더해 
한 모금 마시면 두근거리는 열정이 다시 떠오르는 리프레싱 티 음료
",product_tea,알레르기 유발요인 : 복숭아,190,0,1,0,0,40,31,33,0,46
105,레몬 캐모마일 블렌드 티,Lemon Chamomile Blend Tea,"상큼한 레몬에 캐모마일이
은은하게 감도는 무카페인 티",product_tea,,130,0,0,0,0,10,30,0,0,32
106,아이스 레몬 캐모마일 블렌드 티,Iced Lemon Chamomile Blend Tea,"상큼한 레몬에 캐모마일이
은은하게 감도는 무카페인 티",product_tea,,130,0,0,0,0,10,30,0,0,32
107,아이스 자몽 허니 블랙 티,Iced Grapefruit Honey Black Tea,새콤한 자몽과 달콤한 꿀이 깊고 그윽한 풍미의 스타벅스 티바나 블랙 티의 조화,product_tea,,125,0,0,0,0,5,30,30,0,31
108,아이스 자몽 허니 블랙 티,Iced Grapefruit Honey Black Tea,새콤한 자몽과 달콤한 꿀이 깊고 그윽한 풍미의 스타벅스 티바나 블랙 티의 조화.,product_tea,,345,0,1,0,0,10,79,75,0,82
109,말차 티라미수 라떼,Malcha Tiramisu Latte,"달콤 쌉싸름한 말차크림으로 부드럽게 즐길 수 있는 
디저트 타입의 말차 티라미수 음료",product_tea,알레르기 유발요인 : 우유,405,15,11,22,0,220,38,75,35,41
110,스노우 말차 라떼,Snow Malcha Latte,"달콤한 글레이즈드 소스에 쌉싸름한 말차가
조화롭게 어우러진 티 라떼",product_tea,알레르기 유발요인 : 우유 / 쇠고기,370,14,11,19,0,210,32,65,40,41
111,스타벅스 클래식 밀크 티,Starbucks Classic Milk Tea,"스타벅스가 선보이는 클래식한 밀크 티로,
진하게 오래 우려낸 티바나 블랙 티의 깊은 풍미와
우유의 조화로움을 담아낸 '맛'에 집중한 밀크 티",product_tea,알레르기 유발요인 : 우유,299,13,5,17,0,80,31,190,15,33
112,스타벅스 클래식 밀크 티 보틀,Starbucks Classic Milk Tea Bottle,"진하게 우려낸 블랙 티의 깊은 풍미와
우유의 조화로움을 담아낸 클래식 밀크 티를
전용 보틀과 함께, 언제 어디서나,
편하게 즐겨보세요.(전용 보틀 / 500ml)",product_tea,알레르기 유발요인 : 우유,485,21,7,27,0,130,50,155,25,54
113,아이스 말차 티라미수 라떼,Iced Malcha Tiramisu Latte,"달콤 쌉싸름한 말차크림으로 부드럽게 즐길 수 있는 
디저트 타입의 말차 티라미수 음료",product_tea,알레르기 유발요인 : 우유,345,13,8,19,0,170,33,75,25,36
114,아이스 스노우 말차 라떼,Iced Snow Malcha Latte,"달콤한 글레이즈드 소스에 쌉싸름한 말차가
조화롭게 어우러진 티 라떼",product_tea,알레르기 유발요인 : 우유 / 쇠고기,310,12,8,16,0,160,27,65,30,36
115,아이스 스타벅스 클래식 밀크 티,Iced Starbucks Classic Milk Tea,"스타벅스가 선보이는 클래식한 밀크 티로,
진하게 오래 우려낸 티바나 블랙 티의 깊은 풍미와
우유의 조화로움을 담아낸 '맛'에 집중한 밀크 티",product_tea,알레르기 유발요인 : 우유,198,9,3,11,0,50,21,80,10,22
116,아이스 얼 그레이 바닐라 티 라떼,Iced Earl Grey Vanilla Tea Latte,"2가지 티(블랙티, 얼 그레이 티)가 조화롭게 어우러지고
얼 그레이 폼과 바닐라의 풍미가 은은하게 퍼져 
깔끔하고 부드러운 티 라떼 음료",product_tea,알레르기 유발요인 : 우유,275,9,7,15,0.2,100,24,29,20,29
117,아이스 제주 말차 라떼,Iced Jeju Malcha Latte,"차광재배한 어린 녹찻잎을 곱게 갈아 
깊고 진한 말차 본연의 맛과 향을 
부드럽게 즐길 수 있는 제주 말차 라떼",product_tea,알레르기 유발요인 : 우유,155,3.6,6,6,0,95,16,60,20,18
118,아이스 차이 티 라떼,Iced Chai Tea Latte,"스파이시한 향과 독특한 계피향, 달콤한 차이로 만든 부드러운 티 라떼",product_tea,알레르기 유발요인 : 우유,190,3,5,5,0,70,31,70,15,32
119,얼 그레이 바닐라 티 라떼,Earl Grey Vanilla Tea Latte,"2가지 티(블랙티, 얼 그레이 티)가 조화롭고
얼 그레이 폼과 바닐라의 풍미가 은은하게 퍼져 
깔끔하고 부드러운 티 라떼 음료",product_tea,알레르기 유발요인 : 우유,295,10,7,16,0.2,105,26,55,20,31
120,제주 말차 라떼,Jeju Malcha Latte,"차광재배한 어린 녹찻잎을 곱게 갈아 
깊고 진한 말차 본연의 맛과 향을 
부드럽게 즐길 수 있는 제주 말차 라떼",product_tea,알레르기 유발요인 : 우유,205,5,9,9,0,130,20,60,25,22
121,차이 티 라떼,Chai Tea Latte,"스파이시한 향과 독특한 계피향, 달콤한 차이로 만든 부드러운 티 라떼",product_tea,알레르기 유발요인 : 우유,200,3,6,5,0,70,31,70,15,33
122,스타벅스 딸기 라떼,Starbucks Strawberry Milk,봄을 상큼하게 물들이는 딸기의 새콤 달콤함과 우유의 부드러움이 어우러진 스타벅스 딸기 라떼,product_etc,알레르기 유발요인 : 우유,150,2,3,3.5,0,55,24,0,10,26
123,딸기 콜드폼 초콜릿,Strawberry Cold Foam Chocolate,"딸기 풍미 가득한 스타벅스만의 딸기 콜드폼과 
은은한 초콜릿의 향으로 남녀노소 즐길 수 있는 음료",product_etc,알레르기 유발요인 : 우유,255,2,7,3.8,0,110,45,5,10,49
124,시그니처 핫 초콜릿,Signature Hot Chocolate,깊고 진한 초콜릿과 부드러운 휘핑크림이 입안에서 사르르 녹는 초콜릿 음료,product_etc,알레르기 유발요인 : 우유,410,15,13,22,0,135,39,15,18,41
125,아이스 시그니처 초콜릿,Iced Signature Chocolate,깊고 진한 초콜릿과 부드러운 휘핑크림이 입안에서 사르르 녹는 초콜릿 음료,product_etc,알레르기 유발요인 : 우유,280,13,8,17,0,100,22,15,16,23
126,아이스 티라미수 초콜릿,Iced Tiramisu Chocolate,리저브 다크 초콜릿을 활용하여 초콜릿 풍미 가득한 디저트 타입의 티라미수 초콜릿,product_etc,알레르기 유발요인 : 우유,335,11,7,17,0,130,34,10,20,41
127,티라미수 초콜릿,Tiramisu Chocolate,리저브 다크 초콜릿을 활용하여 초콜릿 풍미 가득한 디저트 타입의 티라미수 초콜릿,product_etc,알레르기 유발요인 : 우유,420,14,11,21,0,200,41,10,35,47
128,플러피 판다 아이스 초콜릿,Fluffy Panda Iced Chocolate,"고소한 헤이즐넛과 진한 초콜릿의 만남,
귀여운 판다까지 더해진 플러피 판다 아이스 초콜릿! 

* 용인에버랜드R 매장에서만 판매하는 음료입니다",product_etc,알레르기 유발요인 : 우유,415,16,11,22,0,150,39,0,30,46
129,플러피 판다 핫 초콜릿,Fluffy Panda Hot Chocolate,"고소한 헤이즐넛과 진한 핫초콜릿의 만남,
귀여운 판다까지 더해진 플러피 판다 핫 초콜릿! 

* 용인에버랜드 매장에서만 판매하는 음료입니다",product_etc,알레르기 유발요인 : 우유,470,17,12,23,0,160,48,0,30,57
130,딸기 콜드폼 딸기 라떼,Strawberry Cold Foam Strawberry Latte,"딸기 풍미 가득한 스타벅스만의 딸기 콜드폼과
딸기 본연의 맛을 즐길 수 있는 음료",product_etc,알레르기 유발요인 : 우유,235,2,6,3.4,0,110,41,0,10,44
131,스타벅스 슬래머,Starbucks Slammer,"스트로베리와 아사이베리의 상큼, 달콤한 맛이 톡톡!
시원하고 통쾌한 그랜드 슬램을 위한 에너지 부스팅 음료~!

* SSG랜더스필드 매장에서만 판매하는 음료입니다.",product_etc,,235,0,0,0,0,0,55,0,0,59
132,스팀 우유,Steamed Milk,부드럽고 담백한 따뜻한 우유.,product_etc,알레르기 유발요인 : 우유,215,7,13,11,0,173,18,0,36,18
133,아이스 제주 까망 라떼,Iced Jeju Black Sesame Latte,"[제주지역 한정음료] 제주도의 돌담길과 하르방의 풍경을
느낄 수 있는 음료로 고소한 흑임자와 달콤한 소보로 토핑으로 
시원하게 누구나 즐길 수 있는 음료",product_etc,알레르기 유발요인 : 땅콩 / 대두 / 우유 / 알류 / 밀 / 오징어,440,11,10,22,0,210,45,0,25,49
134,우유,Milk,부드럽고 담백한 신선한 우유.,product_etc,알레르기 유발요인 : 우유,240,8,12,13,0,200,18,0,40,18
135,제주 까망 라떼,Jeju Black Sesame Latte,"[제주지역 한정음료] 제주도의 돌담길과 하르방의 풍경을
느낄 수 있는 음료로 고소한 흑임자와 달콤한 소보로 토핑으로 
누구나 즐길 수 있는 음료",product_etc,알레르기 유발요인 : 땅콩 / 대두 / 우유 / 알류 / 밀 / 오징어,445,7,13,19,0,250,49,0,35,54
136,제주팔삭 셔벗,Jeju Hassaku Orange Blended,"제주의 자몽이라는 별명을 가진 팔삭과
한라봉으로 매장에서 직접 만든 상큼한 셔벗",product_etc,,95,0,0,0,0,5,22,0,0,24
137,ABC 클렌즈 190ML,ABC Cleanse Juice 190ML,"과일 및 채소를 착즙하여 만든 주스!
사과, 비트, 당근이 들어가 과일&채소를 달콤하게 즐길 수 있는 음료",product_juice,,90,0.1,1,0.7,0,45,16,0,0,20
138,레몬 진저 클렌즈 190ML,Lemon Ginger Cleanse Juice 190ML,"과일 및 채소를 착즙하여 만든 주스!
레몬, 생강이 들어가 과일&채소를 상큼하게 즐길 수 있는 음료",product_juice,,100,0.1,1,0.9,0,0,16,0,0,22
139,케일 클렌즈 190ML,Kale Cleanse Juice 190ML,"과일 및 채소를 착즙하여 만든 주스!
케일, 셀러리, 오이가 들어가 과일&채소를 건강하게 즐길 수 있는 음료",product_juice,,90,0.2,1,0.9,0,15,15,0,0,19
140,딸기주스 190ML,Strawberry Juice 190ML,달콤한 국내산 딸기의 과육이 듬뿍 느껴지는 주스,product_juice,,110,0,0,0.6,0,30,25,0,0,27
141,망고주스 190ML,Mango Juice 190ML,노랗게 익은 열대과일 망고가 입안 가득 느껴지는 주스,product_juice,,117,0,1,0,0,15,23,0,0,27
142,스타 루비 자몽 스위트 190ML,Star Ruby Grapefruit Sweet 190ML,"리프레시가 필요할 땐!  
상큼 달콤한 자몽으로 채우기
과즙이 풍부한 스타 루비 자몽이 가득 들어간 상큼한 음료",product_juice,,129,0,0.2,0,0,5,32,0,0,32
143,유기농 오렌지 100% 주스 190ML,Organic Orange 100% Juice 190ML,"프리미엄 유기농 오렌지 주스로
스페인산 오렌지 착즙! 
오렌지 그대로 100% 담긴 3개 분량
물, 설탕, 첨가물 없는 오렌지 그대로의 맛
",product_juice,,95,0,2,0.6,0,5,20,0,0,20
144,유기농 오렌지 100% 주스 591ML,Organic Orange 100% Juice 591ML,"프리미엄 유기농 오렌지 주스로
스페인산 오렌지 착즙! 
오렌지 그대로 100% 담긴 8개 분량
물, 설탕, 첨가물 없는 오렌지 그대로의 맛",product_juice,,290,0.6,6,1.9,0,10,62,0,0,62
145,케일&사과주스 190ML,Kale&Apple Juice 190ML,국내산 케일과 사과의 달콤함이 조화로운 녹색 주스,product_juice,,105,0,0,0,0,25,26,0,0,26
146,핑크 용과 레모네이드 190ML,Pink Dragon Fruit Lemonade 190ML,"레드 용과의 상큼함에 
구아바와 망고스틴의 달콤함이 추가되어 
맛도, 컬러도 화사함이 느껴지는 음료",product_juice,,88,0,0,0,0,5,19,0,0,22
147,한라봉주스 190ML,Hallabong Juice 190ML,새콤달콤한 황금빛 제주 한라봉을 그대로 담아낸 주스,product_juice,,88,0,1,0,0,10,20,0,0,21
148,햇사과 주스 190ML,Newly Harvested Apple Juice 190ML,달콤새콤한 햇사과 1개 반을 껍질 그대로 착즙한 사과 주스,product_juice,,113,0,0.2,0,0,10,27,0,0,28
149,햇사과 주스 591ML,Newly Harvested Apple Juice 591ML,"햇 사과 네개 반을 껍질 그대로  착즙한 신선한 맛의 사과 주스
대용량으로 즐겨보세요.
",product_juice,,360,0,1.3,0.3,0,20,84,0,0,88
150,딸기 가득 요거트 190ML,Strawberry Yogurt 190ML,상큼 달콤 딸기 과육이 한가득 씹히는 마시는 요거트 음료,product_juice,알레르기 유발요인 : 우유,155,3.2,4,5,0.2,50,21,0,15,23
151,블루베리 요거트 190ML,Blueberry Yogurt 190ML,블루베리 과육이 입안 가득 느껴지는 마시는 요거트,product_juice,알레르기 유발요인 : 우유,155,3.6,5,6,0.2,70,18,0,20,21
